"url","apps"
"^docs$","eyJcL05pY2VyQXBwV2ViT1NcL2FwcHNcL05pY2VyQXBwV2ViT1NcL2NvbnRlbnQtbWFuYWdlbWVudC1zeXN0ZW1zXC9OaWNlckFwcFdlYk9TXC9kaXNrVGV4dCI6eyJmaWxlIjoiXC9OaWNlckFwcFdlYk9TXC9kb2N1bWVudGF0aW9uXC9OaWNlckFwcC1XZWJPUy0tb3ZlcnZpZXcucGhwIiwidGl0bGUiOiJcL05pY2VyQXBwV2ViT1NcL2RvY3VtZW50YXRpb25cL05pY2VyQXBwLVdlYk9TLS1vdmVydmlldy50aXRsZS5waHAiLCJzZW9WYWx1ZSI6WyJkb2NzIiwiZG9jcy1vdmVydmlldyJdfX0"
"^docs-overview$","eyJcL05pY2VyQXBwV2ViT1NcL2FwcHNcL05pY2VyQXBwV2ViT1NcL2NvbnRlbnQtbWFuYWdlbWVudC1zeXN0ZW1zXC9OaWNlckFwcFdlYk9TXC9kaXNrVGV4dCI6eyJmaWxlIjoiXC9OaWNlckFwcFdlYk9TXC9kb2N1bWVudGF0aW9uXC9OaWNlckFwcC1XZWJPUy0tb3ZlcnZpZXcucGhwIiwidGl0bGUiOiJcL05pY2VyQXBwV2ViT1NcL2RvY3VtZW50YXRpb25cL05pY2VyQXBwLVdlYk9TLS1vdmVydmlldy50aXRsZS5waHAiLCJzZW9WYWx1ZSI6WyJkb2NzIiwiZG9jcy1vdmVydmlldyJdfX0"
"^license$","eyJcL05pY2VyQXBwV2ViT1NcL2FwcHNcL05pY2VyQXBwV2ViT1NcL2NvbnRlbnQtbWFuYWdlbWVudC1zeXN0ZW1zXC9OaWNlckFwcFdlYk9TXC9kaXNrVGV4dCI6eyJmaWxlIjoiXC9OaWNlckFwcFdlYk9TXC9MSUNFTlNFLnBocCIsInRpdGxlIjoiXC9OaWNlckFwcFdlYk9TXC9MSUNFTlNFLnRpdGxlLnBocCIsInNlb1ZhbHVlIjpbImxpY2Vuc2UiLCJMSUNFTlNFIiwiZG9jcy1saWNlbnNlIl19fQ"
"^LICENSE$","eyJcL05pY2VyQXBwV2ViT1NcL2FwcHNcL05pY2VyQXBwV2ViT1NcL2NvbnRlbnQtbWFuYWdlbWVudC1zeXN0ZW1zXC9OaWNlckFwcFdlYk9TXC9kaXNrVGV4dCI6eyJmaWxlIjoiXC9OaWNlckFwcFdlYk9TXC9MSUNFTlNFLnBocCIsInRpdGxlIjoiXC9OaWNlckFwcFdlYk9TXC9MSUNFTlNFLnRpdGxlLnBocCIsInNlb1ZhbHVlIjpbImxpY2Vuc2UiLCJMSUNFTlNFIiwiZG9jcy1saWNlbnNlIl19fQ"
"^docs-license$","eyJcL05pY2VyQXBwV2ViT1NcL2FwcHNcL05pY2VyQXBwV2ViT1NcL2NvbnRlbnQtbWFuYWdlbWVudC1zeXN0ZW1zXC9OaWNlckFwcFdlYk9TXC9kaXNrVGV4dCI6eyJmaWxlIjoiXC9OaWNlckFwcFdlYk9TXC9MSUNFTlNFLnBocCIsInRpdGxlIjoiXC9OaWNlckFwcFdlYk9TXC9MSUNFTlNFLnRpdGxlLnBocCIsInNlb1ZhbHVlIjpbImxpY2Vuc2UiLCJMSUNFTlNFIiwiZG9jcy1saWNlbnNlIl19fQ"
"^todo$","eyJcL05pY2VyQXBwV2ViT1NcL2FwcHNcL05pY2VyQXBwV2ViT1NcL2NvbnRlbnQtbWFuYWdlbWVudC1zeXN0ZW1zXC9OaWNlckFwcFdlYk9TXC9kaXNrVGV4dCI6eyJmaWxlIjoiXC9OaWNlckFwcFdlYk9TXC9kb2N1bWVudGF0aW9uXC9OaWNlckFwcC1XZWJPUy0tdG9kb0xpc3QtLXY1Lnkuei5waHAiLCJ0aXRsZSI6IlwvTmljZXJBcHBXZWJPU1wvZG9jdW1lbnRhdGlvblwvTmljZXJBcHAtV2ViT1MtLXRvZG9MaXN0LnRpdGxlLnBocCIsInNlb1ZhbHVlIjpbInRvZG8iLCJkb2NzLXRvZG9MaXN0Il19fQ"
"^docs-todoList$","eyJcL05pY2VyQXBwV2ViT1NcL2FwcHNcL05pY2VyQXBwV2ViT1NcL2NvbnRlbnQtbWFuYWdlbWVudC1zeXN0ZW1zXC9OaWNlckFwcFdlYk9TXC9kaXNrVGV4dCI6eyJmaWxlIjoiXC9OaWNlckFwcFdlYk9TXC9kb2N1bWVudGF0aW9uXC9OaWNlckFwcC1XZWJPUy0tdG9kb0xpc3QtLXY1Lnkuei5waHAiLCJ0aXRsZSI6IlwvTmljZXJBcHBXZWJPU1wvZG9jdW1lbnRhdGlvblwvTmljZXJBcHAtV2ViT1MtLXRvZG9MaXN0LnRpdGxlLnBocCIsInNlb1ZhbHVlIjpbInRvZG8iLCJkb2NzLXRvZG9MaXN0Il19fQ"
"^company$","eyJcL05pY2VyQXBwV2ViT1NcL2FwcHNcL05pY2VyQXBwV2ViT1NcL2NvbnRlbnQtbWFuYWdlbWVudC1zeXN0ZW1zXC9OaWNlckFwcFdlYk9TXC9kaXNrVGV4dCI6eyJmaWxlIjoiXC9OaWNlckFwcFdlYk9TXC9kb2N1bWVudGF0aW9uXC9OaWNlckFwcC0tY29tcGFueS5waHAiLCJ0aXRsZSI6IlwvTmljZXJBcHBXZWJPU1wvZG9jdW1lbnRhdGlvblwvTmljZXJBcHAtLWNvbXBhbnkudGl0bGUucGhwIiwic2VvVmFsdWUiOlsiY29tcGFueSIsImNvIl19fQ"
"^co$","eyJcL05pY2VyQXBwV2ViT1NcL2FwcHNcL05pY2VyQXBwV2ViT1NcL2NvbnRlbnQtbWFuYWdlbWVudC1zeXN0ZW1zXC9OaWNlckFwcFdlYk9TXC9kaXNrVGV4dCI6eyJmaWxlIjoiXC9OaWNlckFwcFdlYk9TXC9kb2N1bWVudGF0aW9uXC9OaWNlckFwcC0tY29tcGFueS5waHAiLCJ0aXRsZSI6IlwvTmljZXJBcHBXZWJPU1wvZG9jdW1lbnRhdGlvblwvTmljZXJBcHAtLWNvbXBhbnkudGl0bGUucGhwIiwic2VvVmFsdWUiOlsiY29tcGFueSIsImNvIl19fQ"
"^musicCopyrightDisclaimer$","eyJcL05pY2VyQXBwV2ViT1NcL2FwcHNcL05pY2VyQXBwV2ViT1NcL2NvbnRlbnQtbWFuYWdlbWVudC1zeXN0ZW1zXC9OaWNlckFwcFdlYk9TXC9kaXNrVGV4dCI6eyJmaWxlIjoiXC9OaWNlckFwcFdlYk9TXC9hcHBzXC9OaWNlckFwcFdlYk9TXC9hcHBsaWNhdGlvbnNcLzJEXC9tdXNpY1BsYXllci5qYXZhc2NyaXB0UmVuZGVyaW5nXC9jb3B5cmlnaHQucGhwIiwidGl0bGUiOiJcL05pY2VyQXBwV2ViT1NcL2FwcHNcL05pY2VyQXBwV2ViT1NcL2FwcGxpY2F0aW9uc1wvMkRcL211c2ljUGxheWVyLmphdmFzY3JpcHRSZW5kZXJpbmdcL2NvcHlyaWdodC50aXRsZS5waHAiLCJzZW9WYWx1ZSI6WyJtdXNpY0NvcHlyaWdodERpc2NsYWltZXIiXX19"
"^geopolitics$","eyJcL05pY2VyQXBwV2ViT1NcL2FwcHNcL05pY2VyQXBwV2ViT1NcL2NvbnRlbnQtbWFuYWdlbWVudC1zeXN0ZW1zXC9OaWNlckFwcFdlYk9TXC9kaXNrVGV4dCI6eyJmaWxlIjoiXC9OaWNlckFwcFdlYk9TXC9kb2N1bWVudGF0aW9uXC9OaWNlckVudGVycHJpc2VzLS1nZW9wb2xpdGljcy5waHAiLCJ0aXRsZSI6IlwvTmljZXJBcHBXZWJPU1wvZG9jdW1lbnRhdGlvblwvTmljZXJFbnRlcnByaXNlcy0tZ2VvcG9saXRpY3MudGl0bGUucGhwIiwic2VvVmFsdWUiOiJnZW9wb2xpdGljcyJ9fQ"
"^ownersMemoires$","eyJcL05pY2VyQXBwV2ViT1NcL2FwcHNcL05pY2VyQXBwV2ViT1NcL2NvbnRlbnQtbWFuYWdlbWVudC1zeXN0ZW1zXC9OaWNlckFwcFdlYk9TXC9kaXNrVGV4dCI6eyJmaWxlIjoiXC9OaWNlckFwcFdlYk9TXC9kb2N1bWVudGF0aW9uXC9OaWNlckVudGVycHJpc2VzLS1vd25lcnNNZW1vaXJlcy5waHAiLCJ0aXRsZSI6IlwvTmljZXJBcHBXZWJPU1wvZG9jdW1lbnRhdGlvblwvTmljZXJFbnRlcnByaXNlcy0tb3duZXJzTWVtb2lyZXMudGl0bGUucGhwIiwic2VvVmFsdWUiOlsib3duZXJzTWVtb2lyZXMiLCJtZW1vaXJlcyIsIm9tIl19fQ"
"^memoires$","eyJcL05pY2VyQXBwV2ViT1NcL2FwcHNcL05pY2VyQXBwV2ViT1NcL2NvbnRlbnQtbWFuYWdlbWVudC1zeXN0ZW1zXC9OaWNlckFwcFdlYk9TXC9kaXNrVGV4dCI6eyJmaWxlIjoiXC9OaWNlckFwcFdlYk9TXC9kb2N1bWVudGF0aW9uXC9OaWNlckVudGVycHJpc2VzLS1vd25lcnNNZW1vaXJlcy5waHAiLCJ0aXRsZSI6IlwvTmljZXJBcHBXZWJPU1wvZG9jdW1lbnRhdGlvblwvTmljZXJFbnRlcnByaXNlcy0tb3duZXJzTWVtb2lyZXMudGl0bGUucGhwIiwic2VvVmFsdWUiOlsib3duZXJzTWVtb2lyZXMiLCJtZW1vaXJlcyIsIm9tIl19fQ"
"^om$","eyJcL05pY2VyQXBwV2ViT1NcL2FwcHNcL05pY2VyQXBwV2ViT1NcL2NvbnRlbnQtbWFuYWdlbWVudC1zeXN0ZW1zXC9OaWNlckFwcFdlYk9TXC9kaXNrVGV4dCI6eyJmaWxlIjoiXC9OaWNlckFwcFdlYk9TXC9kb2N1bWVudGF0aW9uXC9OaWNlckVudGVycHJpc2VzLS1vd25lcnNNZW1vaXJlcy5waHAiLCJ0aXRsZSI6IlwvTmljZXJBcHBXZWJPU1wvZG9jdW1lbnRhdGlvblwvTmljZXJFbnRlcnByaXNlcy0tb3duZXJzTWVtb2lyZXMudGl0bGUucGhwIiwic2VvVmFsdWUiOlsib3duZXJzTWVtb2lyZXMiLCJtZW1vaXJlcyIsIm9tIl19fQ"
"^backgroundsBrowser$","eyJcL05pY2VyQXBwV2ViT1NcL2FwcHNcL05pY2VyQXBwV2ViT1NcL2FwcGxpY2F0aW9uc1wvMkRcL2JhY2tncm91bmRzQnJvd3NlciI6eyJwYWdlIjoiaW5kZXgiLCJzZW9WYWx1ZSI6WyJiYWNrZ3JvdW5kc0Jyb3dzZXIiLCJiYWNrZ3JvdW5kQnJvd3NlciIsImJiIiwid2FsbHBhcGVyc0Jyb3dzZXIiLCJ3YWxscGFwZXJCcm93c2VyIiwid2IiXX19"
"^backgroundBrowser$","eyJcL05pY2VyQXBwV2ViT1NcL2FwcHNcL05pY2VyQXBwV2ViT1NcL2FwcGxpY2F0aW9uc1wvMkRcL2JhY2tncm91bmRzQnJvd3NlciI6eyJwYWdlIjoiaW5kZXgiLCJzZW9WYWx1ZSI6WyJiYWNrZ3JvdW5kc0Jyb3dzZXIiLCJiYWNrZ3JvdW5kQnJvd3NlciIsImJiIiwid2FsbHBhcGVyc0Jyb3dzZXIiLCJ3YWxscGFwZXJCcm93c2VyIiwid2IiXX19"
"^bb$","eyJcL05pY2VyQXBwV2ViT1NcL2FwcHNcL05pY2VyQXBwV2ViT1NcL2FwcGxpY2F0aW9uc1wvMkRcL2JhY2tncm91bmRzQnJvd3NlciI6eyJwYWdlIjoiaW5kZXgiLCJzZW9WYWx1ZSI6WyJiYWNrZ3JvdW5kc0Jyb3dzZXIiLCJiYWNrZ3JvdW5kQnJvd3NlciIsImJiIiwid2FsbHBhcGVyc0Jyb3dzZXIiLCJ3YWxscGFwZXJCcm93c2VyIiwid2IiXX19"
"^wallpapersBrowser$","eyJcL05pY2VyQXBwV2ViT1NcL2FwcHNcL05pY2VyQXBwV2ViT1NcL2FwcGxpY2F0aW9uc1wvMkRcL2JhY2tncm91bmRzQnJvd3NlciI6eyJwYWdlIjoiaW5kZXgiLCJzZW9WYWx1ZSI6WyJiYWNrZ3JvdW5kc0Jyb3dzZXIiLCJiYWNrZ3JvdW5kQnJvd3NlciIsImJiIiwid2FsbHBhcGVyc0Jyb3dzZXIiLCJ3YWxscGFwZXJCcm93c2VyIiwid2IiXX19"
"^wallpaperBrowser$","eyJcL05pY2VyQXBwV2ViT1NcL2FwcHNcL05pY2VyQXBwV2ViT1NcL2FwcGxpY2F0aW9uc1wvMkRcL2JhY2tncm91bmRzQnJvd3NlciI6eyJwYWdlIjoiaW5kZXgiLCJzZW9WYWx1ZSI6WyJiYWNrZ3JvdW5kc0Jyb3dzZXIiLCJiYWNrZ3JvdW5kQnJvd3NlciIsImJiIiwid2FsbHBhcGVyc0Jyb3dzZXIiLCJ3YWxscGFwZXJCcm93c2VyIiwid2IiXX19"
"^wb$","eyJcL05pY2VyQXBwV2ViT1NcL2FwcHNcL05pY2VyQXBwV2ViT1NcL2FwcGxpY2F0aW9uc1wvMkRcL2JhY2tncm91bmRzQnJvd3NlciI6eyJwYWdlIjoiaW5kZXgiLCJzZW9WYWx1ZSI6WyJiYWNrZ3JvdW5kc0Jyb3dzZXIiLCJiYWNrZ3JvdW5kQnJvd3NlciIsImJiIiwid2FsbHBhcGVyc0Jyb3dzZXIiLCJ3YWxscGFwZXJCcm93c2VyIiwid2IiXX19"
"^me$","eyJcL05pY2VyQXBwV2ViT1NcL2FwcHNcL05pY2VyQXBwV2ViT1NcL2NvbnRlbnQtbWFuYWdlbWVudC1zeXN0ZW1zXC9OaWNlckFwcFdlYk9TXC9jbXNNYW5hZ2VyIjp7InBhZ2UiOiJpbmRleCIsInNlb1ZhbHVlIjpbIm1lIl19fQ"
"^listUsers$","eyJcL05pY2VyQXBwV2ViT1NcL2FwcHNcL05pY2VyQXBwV2ViT1NcL2NvbnRlbnQtbWFuYWdlbWVudC1zeXN0ZW1zXC9OaWNlckFwcFdlYk9TXC91c2Vyc0dyb3VwTWFuYWdlci0wLjEuMCI6eyJwYWdlIjoiaW5kZXgiLCJzZW9WYWx1ZSI6WyJsaXN0VXNlcnMiXX19"
"^news$","eyJcL05pY2VyQXBwV2ViT1NcL2FwcHNcL05pY2VyQXBwV2ViT1NcL2FwcGxpY2F0aW9uc1wvMkRcL25ld3MiOnsic2VjdGlvbiI6IkVuZ2xpc2hfTmV3cyIsInNlb1ZhbHVlIjoibmV3cyJ9fQ"
"^world-news$","eyJcL05pY2VyQXBwV2ViT1NcL2FwcHNcL05pY2VyQXBwV2ViT1NcL2FwcGxpY2F0aW9uc1wvMkRcL25ld3MiOnsic2VjdGlvbiI6IkVuZ2xpc2hfTmV3c19fV29ybGRfSGVhZGxpbmVzIiwic2VvVmFsdWUiOlsid29ybGQtbmV3cyIsIm5ld3Mtd29ybGQiLCJ3b3JsZC1oZWFkbGluZXMiLCJuZXdzLXdvcmxkLWhlYWRsaW5lcyJdfX0"
"^news-world$","eyJcL05pY2VyQXBwV2ViT1NcL2FwcHNcL05pY2VyQXBwV2ViT1NcL2FwcGxpY2F0aW9uc1wvMkRcL25ld3MiOnsic2VjdGlvbiI6IkVuZ2xpc2hfTmV3c19fV29ybGRfSGVhZGxpbmVzIiwic2VvVmFsdWUiOlsid29ybGQtbmV3cyIsIm5ld3Mtd29ybGQiLCJ3b3JsZC1oZWFkbGluZXMiLCJuZXdzLXdvcmxkLWhlYWRsaW5lcyJdfX0"
"^world-headlines$","eyJcL05pY2VyQXBwV2ViT1NcL2FwcHNcL05pY2VyQXBwV2ViT1NcL2FwcGxpY2F0aW9uc1wvMkRcL25ld3MiOnsic2VjdGlvbiI6IkVuZ2xpc2hfTmV3c19fV29ybGRfSGVhZGxpbmVzIiwic2VvVmFsdWUiOlsid29ybGQtbmV3cyIsIm5ld3Mtd29ybGQiLCJ3b3JsZC1oZWFkbGluZXMiLCJuZXdzLXdvcmxkLWhlYWRsaW5lcyJdfX0"
"^news-world-headlines$","eyJcL05pY2VyQXBwV2ViT1NcL2FwcHNcL05pY2VyQXBwV2ViT1NcL2FwcGxpY2F0aW9uc1wvMkRcL25ld3MiOnsic2VjdGlvbiI6IkVuZ2xpc2hfTmV3c19fV29ybGRfSGVhZGxpbmVzIiwic2VvVmFsdWUiOlsid29ybGQtbmV3cyIsIm5ld3Mtd29ybGQiLCJ3b3JsZC1oZWFkbGluZXMiLCJuZXdzLXdvcmxkLWhlYWRsaW5lcyJdfX0"
"^nbh$","eyJcL05pY2VyQXBwV2ViT1NcL2FwcHNcL05pY2VyQXBwV2ViT1NcL2FwcGxpY2F0aW9uc1wvMkRcL25ld3MiOnsic2VjdGlvbiI6IkVuZ2xpc2hfTmV3c19fVG9waWNzX19CdXNpbmVzcyIsInNlb1ZhbHVlIjpbIm5iaCIsIm5ld3MtYnVzaW5lc3MiLCJidXNpbmVzcyIsImJ1c2luZXNzLW5ld3MiLCJuZXdzLWJ1c2luZXNzLWhlYWRsaW5lcyJdfX0"
"^news-business$","eyJcL05pY2VyQXBwV2ViT1NcL2FwcHNcL05pY2VyQXBwV2ViT1NcL2FwcGxpY2F0aW9uc1wvMkRcL25ld3MiOnsic2VjdGlvbiI6IkVuZ2xpc2hfTmV3c19fVG9waWNzX19CdXNpbmVzcyIsInNlb1ZhbHVlIjpbIm5iaCIsIm5ld3MtYnVzaW5lc3MiLCJidXNpbmVzcyIsImJ1c2luZXNzLW5ld3MiLCJuZXdzLWJ1c2luZXNzLWhlYWRsaW5lcyJdfX0"
"^business$","eyJcL05pY2VyQXBwV2ViT1NcL2FwcHNcL05pY2VyQXBwV2ViT1NcL2FwcGxpY2F0aW9uc1wvMkRcL25ld3MiOnsic2VjdGlvbiI6IkVuZ2xpc2hfTmV3c19fVG9waWNzX19CdXNpbmVzcyIsInNlb1ZhbHVlIjpbIm5iaCIsIm5ld3MtYnVzaW5lc3MiLCJidXNpbmVzcyIsImJ1c2luZXNzLW5ld3MiLCJuZXdzLWJ1c2luZXNzLWhlYWRsaW5lcyJdfX0"
"^business-news$","eyJcL05pY2VyQXBwV2ViT1NcL2FwcHNcL05pY2VyQXBwV2ViT1NcL2FwcGxpY2F0aW9uc1wvMkRcL25ld3MiOnsic2VjdGlvbiI6IkVuZ2xpc2hfTmV3c19fVG9waWNzX19CdXNpbmVzcyIsInNlb1ZhbHVlIjpbIm5iaCIsIm5ld3MtYnVzaW5lc3MiLCJidXNpbmVzcyIsImJ1c2luZXNzLW5ld3MiLCJuZXdzLWJ1c2luZXNzLWhlYWRsaW5lcyJdfX0"
"^news-business-headlines$","eyJcL05pY2VyQXBwV2ViT1NcL2FwcHNcL05pY2VyQXBwV2ViT1NcL2FwcGxpY2F0aW9uc1wvMkRcL25ld3MiOnsic2VjdGlvbiI6IkVuZ2xpc2hfTmV3c19fVG9waWNzX19CdXNpbmVzcyIsInNlb1ZhbHVlIjpbIm5iaCIsIm5ld3MtYnVzaW5lc3MiLCJidXNpbmVzcyIsImJ1c2luZXNzLW5ld3MiLCJuZXdzLWJ1c2luZXNzLWhlYWRsaW5lcyJdfX0"
"^nieuws$","eyJcL05pY2VyQXBwV2ViT1NcL2FwcHNcL05pY2VyQXBwV2ViT1NcL2FwcGxpY2F0aW9uc1wvMkRcL25ld3MiOnsic2VjdGlvbiI6Ik5lZGVybGFuZHNfTmlldXdzIiwic2VvVmFsdWUiOiJuaWV1d3MifX0"
"^nieuws-internationale-headlines$","eyJcL05pY2VyQXBwV2ViT1NcL2FwcHNcL05pY2VyQXBwV2ViT1NcL2FwcGxpY2F0aW9uc1wvMkRcL25ld3MiOnsic2VjdGlvbiI6Ik5lZGVybGFuZHNfTmlldXdzX19XZXJlbGQiLCJzZW9WYWx1ZSI6Im5pZXV3cy1pbnRlcm5hdGlvbmFsZS1oZWFkbGluZXMifX0"
"^nachrichten$","eyJcL05pY2VyQXBwV2ViT1NcL2FwcHNcL05pY2VyQXBwV2ViT1NcL2FwcGxpY2F0aW9uc1wvMkRcL25ld3MiOnsic2VjdGlvbiI6IkRldXRzY2hlX25hY2hyaWNodGVuIiwic2VvVmFsdWUiOiJuYWNocmljaHRlbiJ9fQ"
"^Arabic-news-English$","eyJcL05pY2VyQXBwV2ViT1NcL2FwcHNcL05pY2VyQXBwV2ViT1NcL2FwcGxpY2F0aW9uc1wvMkRcL25ld3MiOnsic2VjdGlvbiI6IkFyYWJpYyIsInNlb1ZhbHVlIjoiQXJhYmljLW5ld3MtRW5nbGlzaCJ9fQ"
"^wiki$","eyJcL05pY2VyQXBwV2ViT1NcL2FwcHNcL05pY2VyQXBwV2ViT1NcL2FwcGxpY2F0aW9uc1wvMkRcLzNyZC1wYXJ0eS1zaXRlLndpa2lwZWRpYS5vcmciOnsicGFnZSI6ImluZGV4Iiwic2VvVmFsdWUiOlsid2lraSIsIndpa2lwZWRpYSIsIndpa2lwZWRpYS5vcmciXX19"
"^wikipedia$","eyJcL05pY2VyQXBwV2ViT1NcL2FwcHNcL05pY2VyQXBwV2ViT1NcL2FwcGxpY2F0aW9uc1wvMkRcLzNyZC1wYXJ0eS1zaXRlLndpa2lwZWRpYS5vcmciOnsicGFnZSI6ImluZGV4Iiwic2VvVmFsdWUiOlsid2lraSIsIndpa2lwZWRpYSIsIndpa2lwZWRpYS5vcmciXX19"
"^wikipedia.org$","eyJcL05pY2VyQXBwV2ViT1NcL2FwcHNcL05pY2VyQXBwV2ViT1NcL2FwcGxpY2F0aW9uc1wvMkRcLzNyZC1wYXJ0eS1zaXRlLndpa2lwZWRpYS5vcmciOnsicGFnZSI6ImluZGV4Iiwic2VvVmFsdWUiOlsid2lraSIsIndpa2lwZWRpYSIsIndpa2lwZWRpYS5vcmciXX19"
"^grokipedia$","eyJcL05pY2VyQXBwV2ViT1NcL2FwcHNcL05pY2VyQXBwV2ViT1NcL2FwcGxpY2F0aW9uc1wvMkRcLzNyZC1wYXJ0eS1zaXRlLmdyb2tpcGVkaWEuY29tIjp7InBhZ2UiOiJpbmRleCIsInNlb1ZhbHVlIjpbImdyb2tpcGVkaWEiLCJncCJdfX0"
"^gp$","eyJcL05pY2VyQXBwV2ViT1NcL2FwcHNcL05pY2VyQXBwV2ViT1NcL2FwcGxpY2F0aW9uc1wvMkRcLzNyZC1wYXJ0eS1zaXRlLmdyb2tpcGVkaWEuY29tIjp7InBhZ2UiOiJpbmRleCIsInNlb1ZhbHVlIjpbImdyb2tpcGVkaWEiLCJncCJdfX0"
"^tarot$","eyJcL05pY2VyQXBwV2ViT1NcL2FwcHNcL05pY2VyQXBwV2ViT1NcL2FwcGxpY2F0aW9uc1wvMkRcL2NhcmRnYW1lLnRhcm90Ijp7ImRlY2siOiJcL1dhaXRlLVNtaXRoXC9QYW0gQ29sbWFuIFNtaXRoXC9PcmlnaW5hbCBSaWRlciBXYWl0ZSIsInJlYWRpbmciOiIzLUNhcmRzIiwic2VvVmFsdWUiOlsidGFyb3QiLCJjYXJkZ2FtZS10YXJvdCJdfX0"
"^cardgame-tarot$","eyJcL05pY2VyQXBwV2ViT1NcL2FwcHNcL05pY2VyQXBwV2ViT1NcL2FwcGxpY2F0aW9uc1wvMkRcL2NhcmRnYW1lLnRhcm90Ijp7ImRlY2siOiJcL1dhaXRlLVNtaXRoXC9QYW0gQ29sbWFuIFNtaXRoXC9PcmlnaW5hbCBSaWRlciBXYWl0ZSIsInJlYWRpbmciOiIzLUNhcmRzIiwic2VvVmFsdWUiOlsidGFyb3QiLCJjYXJkZ2FtZS10YXJvdCJdfX0"
"^music-2D-beatPulse$","eyJcL05pY2VyQXBwV2ViT1NcL2FwcHNcL05pY2VyQXBwV2ViT1NcL2FwcGxpY2F0aW9uc1wvMkRcL211c2ljUGxheWVyLmJlYXRQdWxzZSI6eyJzZXQiOiJpbmRleCIsInNlb1ZhbHVlIjpbIm11c2ljLTJELWJlYXRQdWxzZSIsIm11c2ljIl19fQ"
"^music$","eyJcL05pY2VyQXBwV2ViT1NcL2FwcHNcL05pY2VyQXBwV2ViT1NcL2FwcGxpY2F0aW9uc1wvMkRcL211c2ljUGxheWVyLmJlYXRQdWxzZSI6eyJzZXQiOiJpbmRleCIsInNlb1ZhbHVlIjpbIm11c2ljLTJELWJlYXRQdWxzZSIsIm11c2ljIl19fQ"
"^music-2D-fancy$","eyJcL05pY2VyQXBwV2ViT1NcL2FwcHNcL05pY2VyQXBwV2ViT1NcL2FwcGxpY2F0aW9uc1wvMkRcL211c2ljUGxheWVyLmZhbmN5LmxhdGVzdC4yRCI6eyJzZXQiOiJpbmRleCIsInNlb1ZhbHVlIjpbIm11c2ljLTJELWZhbmN5IiwibXVzaWMtZmFuY3kiXX19"
"^music-fancy$","eyJcL05pY2VyQXBwV2ViT1NcL2FwcHNcL05pY2VyQXBwV2ViT1NcL2FwcGxpY2F0aW9uc1wvMkRcL211c2ljUGxheWVyLmZhbmN5LmxhdGVzdC4yRCI6eyJzZXQiOiJpbmRleCIsInNlb1ZhbHVlIjpbIm11c2ljLTJELWZhbmN5IiwibXVzaWMtZmFuY3kiXX19"
"^signalsManager$","eyJcL05pY2VyQXBwV2ViT1NcL2J1c2luZXNzTG9naWNcL3NpZ25hbHNNYW5hZ2VyIjp7InNlb1ZhbHVlIjpbInNpZ25hbHNNYW5hZ2VyIiwic2lnbmFsc01hbmFnZXIiXX19"
"^signalsManager$","eyJcL05pY2VyQXBwV2ViT1NcL2J1c2luZXNzTG9naWNcL3NpZ25hbHNNYW5hZ2VyIjp7InNlb1ZhbHVlIjpbInNpZ25hbHNNYW5hZ2VyIiwic2lnbmFsc01hbmFnZXIiXX19"
"^dataPhoenix$","eyJcL05pY2VyQXBwV2ViT1NcL2J1c2luZXNzTG9naWNcL2RhdGFQaG9lbml4Ijp7InNlb1ZhbHVlIjpbImRhdGFQaG9lbml4IiwiRGF0YVBob2VuaXgiXX19"
"^DataPhoenix$","eyJcL05pY2VyQXBwV2ViT1NcL2J1c2luZXNzTG9naWNcL2RhdGFQaG9lbml4Ijp7InNlb1ZhbHVlIjpbImRhdGFQaG9lbml4IiwiRGF0YVBob2VuaXgiXX19"
"^filePhoenix$","eyJcL05pY2VyQXBwV2ViT1NcL2J1c2luZXNzTG9naWNcL2ZpbGVQaG9lbml4Ijp7InNlb1ZhbHVlIjpbImZpbGVQaG9lbml4IiwiRmlsZVBob2VuaXgiXX19"
"^FilePhoenix$","eyJcL05pY2VyQXBwV2ViT1NcL2J1c2luZXNzTG9naWNcL2ZpbGVQaG9lbml4Ijp7InNlb1ZhbHVlIjpbImZpbGVQaG9lbml4IiwiRmlsZVBob2VuaXgiXX19"
"^tasksManager$","eyJcL05pY2VyQXBwV2ViT1NcL2J1c2luZXNzTG9naWNcL3Rhc2tzTWFuYWdlclwvbWFuYWdlciI6eyJwYWdlIjoiaW5kZXgiLCJzZW9WYWx1ZSI6WyJ0YXNrc01hbmFnZXIiLCJUYXNrc01hbmFnZXIiXX19"
"^TasksManager$","eyJcL05pY2VyQXBwV2ViT1NcL2J1c2luZXNzTG9naWNcL3Rhc2tzTWFuYWdlclwvbWFuYWdlciI6eyJwYWdlIjoiaW5kZXgiLCJzZW9WYWx1ZSI6WyJ0YXNrc01hbmFnZXIiLCJUYXNrc01hbmFnZXIiXX19"
"^analytics$","eyJcL05pY2VyQXBwV2ViT1NcL2FwcHNcL05pY2VyQXBwV2ViT1NcL2FwcGxpY2F0aW9uc1wvMkRcL2FuYWx5dGljcyI6eyJzZW9WYWx1ZSI6ImFuYWx5dGljcyJ9fQ"
"^demo-3D-cube$","eyJcL05pY2VyQXBwV2ViT1NcL2FwcHNcL05pY2VyQXBwV2ViT1NcL2FwcGxpY2F0aW9uc1wvM0RcL2RlbW8uM0QuY3ViZSI6eyJwYXJhbWV0ZXJzIjpbXSwic2VvVmFsdWUiOiJkZW1vLTNELWN1YmUifX0"
"^demo-3D-models$","eyJcL05pY2VyQXBwV2ViT1NcL2FwcHNcL05pY2VyQXBwV2ViT1NcL2FwcGxpY2F0aW9uc1wvM0RcL2RlbW8uM0QubW9kZWxMb2FkaW5nIjp7InBhcmFtZXRlcnMiOltdLCJzZW9WYWx1ZSI6ImRlbW8tM0QtbW9kZWxzIn19"
"^demo-3D-fileBrowser$","eyJcL05pY2VyQXBwV2ViT1NcL2FwcHNcL05pY2VyQXBwV2ViT1NcL2FwcGxpY2F0aW9uc1wvM0RcL2FwcC4zRC5maWxlRXhwbG9yZXIiOnsicGFyYW1ldGVycyI6eyJ0aHVtYm5haWxzIjoiLlwvdGh1bWJzXC8zMDBcLyRmaWxlbmFtZS4kZXh0In0sInNlb1ZhbHVlIjpbImRlbW8tM0QtZmlsZUJyb3dzZXIiLCIzRC1kYXRhIiwiM0QiLCIzZCJdfX0"
"^3D-data$","eyJcL05pY2VyQXBwV2ViT1NcL2FwcHNcL05pY2VyQXBwV2ViT1NcL2FwcGxpY2F0aW9uc1wvM0RcL2FwcC4zRC5maWxlRXhwbG9yZXIiOnsicGFyYW1ldGVycyI6eyJ0aHVtYm5haWxzIjoiLlwvdGh1bWJzXC8zMDBcLyRmaWxlbmFtZS4kZXh0In0sInNlb1ZhbHVlIjpbImRlbW8tM0QtZmlsZUJyb3dzZXIiLCIzRC1kYXRhIiwiM0QiLCIzZCJdfX0"
"^3D$","eyJcL05pY2VyQXBwV2ViT1NcL2FwcHNcL05pY2VyQXBwV2ViT1NcL2FwcGxpY2F0aW9uc1wvM0RcL2FwcC4zRC5maWxlRXhwbG9yZXIiOnsicGFyYW1ldGVycyI6eyJ0aHVtYm5haWxzIjoiLlwvdGh1bWJzXC8zMDBcLyRmaWxlbmFtZS4kZXh0In0sInNlb1ZhbHVlIjpbImRlbW8tM0QtZmlsZUJyb3dzZXIiLCIzRC1kYXRhIiwiM0QiLCIzZCJdfX0"
"^3d$","eyJcL05pY2VyQXBwV2ViT1NcL2FwcHNcL05pY2VyQXBwV2ViT1NcL2FwcGxpY2F0aW9uc1wvM0RcL2FwcC4zRC5maWxlRXhwbG9yZXIiOnsicGFyYW1ldGVycyI6eyJ0aHVtYm5haWxzIjoiLlwvdGh1bWJzXC8zMDBcLyRmaWxlbmFtZS4kZXh0In0sInNlb1ZhbHVlIjpbImRlbW8tM0QtZmlsZUJyb3dzZXIiLCIzRC1kYXRhIiwiM0QiLCIzZCJdfX0"
"^mail$","eyJcL05pY2VyQXBwV2ViT1NcL2FwcHNcL05pY2VyQXBwV2ViT1NcL2FwcGxpY2F0aW9uc1wvMkRcL3dlYm1haWwiOnsicGFnZSI6ImluZGV4Iiwic2VvVmFsdWUiOiJtYWlsIn19"
"^forums-configuration$","eyJcL05pY2VyQXBwV2ViT1NcL2FwcHNcL05pY2VyQXBwV2ViT1NcL2FwcGxpY2F0aW9uc1wvMkRcL2ZvcnVtc19fdmlld19pbmRleCI6eyJwYWdlIjoiaW5kZXgiLCJzZW9WYWx1ZSI6ImZvcnVtcy1jb25maWd1cmF0aW9uIn19"
"^jv$","eyJcL05pY2VyQXBwV2ViT1NcL2FwcHNcL05pY2VyQXBwV2ViT1NcL2FwcGxpY2F0aW9uc1wvMkRcL3VpXC9qc29uVmlld2VyIjp7InBhZ2UiOiJpbmRleCIsInNlb1ZhbHVlIjpbImp2IiwianNvblZpZXdlciJdfX0"
"^jsonViewer$","eyJcL05pY2VyQXBwV2ViT1NcL2FwcHNcL05pY2VyQXBwV2ViT1NcL2FwcGxpY2F0aW9uc1wvMkRcL3VpXC9qc29uVmlld2VyIjp7InBhZ2UiOiJpbmRleCIsInNlb1ZhbHVlIjpbImp2IiwianNvblZpZXdlciJdfX0"
"^logs$","eyJcL05pY2VyQXBwV2ViT1NcL2FwcHNcL05pY2VyQXBwV2ViT1NcL2FwcGxpY2F0aW9uc1wvMkRcL2xvZ3MiOnsicGFnZSI6ImluZGV4Iiwic2VvVmFsdWUiOiJsb2dzIn19"
"^actualités-françaises$","eyIvTmljZXJBcHBXZWJPUy9hcHBzL05pY2VyQXBwV2ViT1MvYXBwbGljYXRpb25zLzJEL25ld3MiOnsic2VjdGlvbiI6IkFjdHVhbGl0w6lzX2ZyYW7Dp2Fpc2VzIn19"
"^actualités-françaises-lemonde.fr$","eyIvTmljZXJBcHBXZWJPUy9hcHBzL05pY2VyQXBwV2ViT1MvYXBwbGljYXRpb25zLzJEL25ld3MiOnsic2VjdGlvbiI6IkFjdHVhbGl0w6lzX2ZyYW7Dp2Fpc2VzX19sZU1vbmRlLmZyIn19"
"^actualités-françaises-lemonde.fr-actualités$","eyIvTmljZXJBcHBXZWJPUy9hcHBzL05pY2VyQXBwV2ViT1MvYXBwbGljYXRpb25zLzJEL25ld3MiOnsic2VjdGlvbiI6IkFjdHVhbGl0w6lzX2ZyYW7Dp2Fpc2VzX19sZU1vbmRlLmZyX19BY3R1YWxpdMOpcyJ9fQ"
"^actualités-françaises-lemonde.fr-international$","eyIvTmljZXJBcHBXZWJPUy9hcHBzL05pY2VyQXBwV2ViT1MvYXBwbGljYXRpb25zLzJEL25ld3MiOnsic2VjdGlvbiI6IkFjdHVhbGl0w6lzX2ZyYW7Dp2Fpc2VzX19sZU1vbmRlLmZyX19JbnRlcm5hdGlvbmFsIn19"
"^actualités-françaises-lemonde.fr-france$","eyIvTmljZXJBcHBXZWJPUy9hcHBzL05pY2VyQXBwV2ViT1MvYXBwbGljYXRpb25zLzJEL25ld3MiOnsic2VjdGlvbiI6IkFjdHVhbGl0w6lzX2ZyYW7Dp2Fpc2VzX19sZU1vbmRlLmZyX19GcmFuY2UifX0"
"^actualités-françaises-lemonde.fr-economie$","eyIvTmljZXJBcHBXZWJPUy9hcHBzL05pY2VyQXBwV2ViT1MvYXBwbGljYXRpb25zLzJEL25ld3MiOnsic2VjdGlvbiI6IkFjdHVhbGl0w6lzX2ZyYW7Dp2Fpc2VzX19sZU1vbmRlLmZyX19FY29ub21pZSJ9fQ"
"^actualités-françaises-lemonde.fr-culture$","eyIvTmljZXJBcHBXZWJPUy9hcHBzL05pY2VyQXBwV2ViT1MvYXBwbGljYXRpb25zLzJEL25ld3MiOnsic2VjdGlvbiI6IkFjdHVhbGl0w6lzX2ZyYW7Dp2Fpc2VzX19sZU1vbmRlLmZyX19DdWx0dXJlIn19"
"^actualités-françaises-lemonde.fr-sport$","eyIvTmljZXJBcHBXZWJPUy9hcHBzL05pY2VyQXBwV2ViT1MvYXBwbGljYXRpb25zLzJEL25ld3MiOnsic2VjdGlvbiI6IkFjdHVhbGl0w6lzX2ZyYW7Dp2Fpc2VzX19sZU1vbmRlLmZyX19TcG9ydCJ9fQ"
"^actualités-françaises-lemonde.fr-planète$","eyIvTmljZXJBcHBXZWJPUy9hcHBzL05pY2VyQXBwV2ViT1MvYXBwbGljYXRpb25zLzJEL25ld3MiOnsic2VjdGlvbiI6IkFjdHVhbGl0w6lzX2ZyYW7Dp2Fpc2VzX19sZU1vbmRlLmZyX19QbGFuw6h0ZSJ9fQ"
"^actualités-françaises-lemonde.fr-pixels$","eyIvTmljZXJBcHBXZWJPUy9hcHBzL05pY2VyQXBwV2ViT1MvYXBwbGljYXRpb25zLzJEL25ld3MiOnsic2VjdGlvbiI6IkFjdHVhbGl0w6lzX2ZyYW7Dp2Fpc2VzX19sZU1vbmRlLmZyX19QaXhlbHMifX0"
"^actualités-françaises-lemonde.fr-sciences$","eyIvTmljZXJBcHBXZWJPUy9hcHBzL05pY2VyQXBwV2ViT1MvYXBwbGljYXRpb25zLzJEL25ld3MiOnsic2VjdGlvbiI6IkFjdHVhbGl0w6lzX2ZyYW7Dp2Fpc2VzX19sZU1vbmRlLmZyX19TY2llbmNlcyJ9fQ"
"^actualités-françaises-lemonde.fr-opinions$","eyIvTmljZXJBcHBXZWJPUy9hcHBzL05pY2VyQXBwV2ViT1MvYXBwbGljYXRpb25zLzJEL25ld3MiOnsic2VjdGlvbiI6IkFjdHVhbGl0w6lzX2ZyYW7Dp2Fpc2VzX19sZU1vbmRlLmZyX19PcGluaW9ucyJ9fQ"
"^actualités-françaises-lemonde.fr-m-le-mag$","eyIvTmljZXJBcHBXZWJPUy9hcHBzL05pY2VyQXBwV2ViT1MvYXBwbGljYXRpb25zLzJEL25ld3MiOnsic2VjdGlvbiI6IkFjdHVhbGl0w6lzX2ZyYW7Dp2Fpc2VzX19sZU1vbmRlLmZyX19NX2xlX21hZyJ9fQ"
"^actualités-françaises-lemonde.fr-guide-d’achat$","eyIvTmljZXJBcHBXZWJPUy9hcHBzL05pY2VyQXBwV2ViT1MvYXBwbGljYXRpb25zLzJEL25ld3MiOnsic2VjdGlvbiI6IkFjdHVhbGl0w6lzX2ZyYW7Dp2Fpc2VzX19sZU1vbmRlLmZyX19HdWlkZV9k4oCZYWNoYXQifX0"
"^deutsche-nachrichten$","eyIvTmljZXJBcHBXZWJPUy9hcHBzL05pY2VyQXBwV2ViT1MvYXBwbGljYXRpb25zLzJEL25ld3MiOnsic2VjdGlvbiI6IkRldXRzY2hlX25hY2hyaWNodGVuIn19"
"^deutsche-nachrichten-n-tv.de$","eyIvTmljZXJBcHBXZWJPUy9hcHBzL05pY2VyQXBwV2ViT1MvYXBwbGljYXRpb25zLzJEL25ld3MiOnsic2VjdGlvbiI6IkRldXRzY2hlX25hY2hyaWNodGVuX19uLXR2LmRlIn19"
"^deutsche-nachrichten-sport$","eyIvTmljZXJBcHBXZWJPUy9hcHBzL05pY2VyQXBwV2ViT1MvYXBwbGljYXRpb25zLzJEL25ld3MiOnsic2VjdGlvbiI6IkRldXRzY2hlX25hY2hyaWNodGVuX19TcG9ydCJ9fQ"
"^deutsche-nachrichten-sport-sportschau.de$","eyIvTmljZXJBcHBXZWJPUy9hcHBzL05pY2VyQXBwV2ViT1MvYXBwbGljYXRpb25zLzJEL25ld3MiOnsic2VjdGlvbiI6IkRldXRzY2hlX25hY2hyaWNodGVuX19TcG9ydF9fU3BvcnRzY2hhdS5kZSJ9fQ"
"^nederlands-nieuws$","eyIvTmljZXJBcHBXZWJPUy9hcHBzL05pY2VyQXBwV2ViT1MvYXBwbGljYXRpb25zLzJEL25ld3MiOnsic2VjdGlvbiI6Ik5lZGVybGFuZHNfTmlldXdzIn19"
"^nederlands-nieuws-wereld$","eyIvTmljZXJBcHBXZWJPUy9hcHBzL05pY2VyQXBwV2ViT1MvYXBwbGljYXRpb25zLzJEL25ld3MiOnsic2VjdGlvbiI6Ik5lZGVybGFuZHNfTmlldXdzX19XZXJlbGQifX0"
"^nederlands-nieuws-binnenland$","eyIvTmljZXJBcHBXZWJPUy9hcHBzL05pY2VyQXBwV2ViT1MvYXBwbGljYXRpb25zLzJEL25ld3MiOnsic2VjdGlvbiI6Ik5lZGVybGFuZHNfTmlldXdzX19CaW5uZW5sYW5kIn19"
"^nederlands-nieuws-sport$","eyIvTmljZXJBcHBXZWJPUy9hcHBzL05pY2VyQXBwV2ViT1MvYXBwbGljYXRpb25zLzJEL25ld3MiOnsic2VjdGlvbiI6Ik5lZGVybGFuZHNfTmlldXdzX19TcG9ydCJ9fQ"
"^nederlands-nieuws-tech-en-wetenschap$","eyIvTmljZXJBcHBXZWJPUy9hcHBzL05pY2VyQXBwV2ViT1MvYXBwbGljYXRpb25zLzJEL25ld3MiOnsic2VjdGlvbiI6Ik5lZGVybGFuZHNfTmlldXdzX19UZWNoX2VuX1dldGVuc2NoYXAifX0"
"^nederlands-nieuws-zakelijk$","eyIvTmljZXJBcHBXZWJPUy9hcHBzL05pY2VyQXBwV2ViT1MvYXBwbGljYXRpb25zLzJEL25ld3MiOnsic2VjdGlvbiI6Ik5lZGVybGFuZHNfTmlldXdzX19aYWtlbGlqayJ9fQ"
"^nederlands-nieuws-lifestyle$","eyIvTmljZXJBcHBXZWJPUy9hcHBzL05pY2VyQXBwV2ViT1MvYXBwbGljYXRpb25zLzJEL25ld3MiOnsic2VjdGlvbiI6Ik5lZGVybGFuZHNfTmlldXdzX19MaWZlc3R5bGUifX0"
"^english-news$","eyIvTmljZXJBcHBXZWJPUy9hcHBzL05pY2VyQXBwV2ViT1MvYXBwbGljYXRpb25zLzJEL25ld3MiOnsic2VjdGlvbiI6IkVuZ2xpc2hfTmV3cyJ9fQ"
"^english-news-world-headlines$","eyIvTmljZXJBcHBXZWJPUy9hcHBzL05pY2VyQXBwV2ViT1MvYXBwbGljYXRpb25zLzJEL25ld3MiOnsic2VjdGlvbiI6IkVuZ2xpc2hfTmV3c19fV29ybGRfSGVhZGxpbmVzIn19"
"^english-news-forums$","eyIvTmljZXJBcHBXZWJPUy9hcHBzL05pY2VyQXBwV2ViT1MvYXBwbGljYXRpb25zLzJEL25ld3MiOnsic2VjdGlvbiI6IkVuZ2xpc2hfTmV3c19fRm9ydW1zIn19"
"^english-news-social-media$","eyIvTmljZXJBcHBXZWJPUy9hcHBzL05pY2VyQXBwV2ViT1MvYXBwbGljYXRpb25zLzJEL25ld3MiOnsic2VjdGlvbiI6IkVuZ2xpc2hfTmV3c19fU29jaWFsX01lZGlhIn19"
"^english-news-social-media-us-politicians$","eyIvTmljZXJBcHBXZWJPUy9hcHBzL05pY2VyQXBwV2ViT1MvYXBwbGljYXRpb25zLzJEL25ld3MiOnsic2VjdGlvbiI6IkVuZ2xpc2hfTmV3c19fU29jaWFsX01lZGlhX19VU19Qb2xpdGljaWFucyJ9fQ"
"^english-news-social-media-political$","eyIvTmljZXJBcHBXZWJPUy9hcHBzL05pY2VyQXBwV2ViT1MvYXBwbGljYXRpb25zLzJEL25ld3MiOnsic2VjdGlvbiI6IkVuZ2xpc2hfTmV3c19fU29jaWFsX01lZGlhX19Qb2xpdGljYWwifX0"
"^english-news-opinions$","eyIvTmljZXJBcHBXZWJPUy9hcHBzL05pY2VyQXBwV2ViT1MvYXBwbGljYXRpb25zLzJEL25ld3MiOnsic2VjdGlvbiI6IkVuZ2xpc2hfTmV3c19fT3BpbmlvbnMifX0"
"^english-news-regions$","eyIvTmljZXJBcHBXZWJPUy9hcHBzL05pY2VyQXBwV2ViT1MvYXBwbGljYXRpb25zLzJEL25ld3MiOnsic2VjdGlvbiI6IkVuZ2xpc2hfTmV3c19fUmVnaW9ucyJ9fQ"
"^english-news-regions-countries$","eyIvTmljZXJBcHBXZWJPUy9hcHBzL05pY2VyQXBwV2ViT1MvYXBwbGljYXRpb25zLzJEL25ld3MiOnsic2VjdGlvbiI6IkVuZ2xpc2hfTmV3c19fUmVnaW9uc19fQ291bnRyaWVzIn19"
"^english-news-regions-countries-usa$","eyIvTmljZXJBcHBXZWJPUy9hcHBzL05pY2VyQXBwV2ViT1MvYXBwbGljYXRpb25zLzJEL25ld3MiOnsic2VjdGlvbiI6IkVuZ2xpc2hfTmV3c19fUmVnaW9uc19fQ291bnRyaWVzX19VU0EifX0"
"^english-news-regions-countries-canada$","eyIvTmljZXJBcHBXZWJPUy9hcHBzL05pY2VyQXBwV2ViT1MvYXBwbGljYXRpb25zLzJEL25ld3MiOnsic2VjdGlvbiI6IkVuZ2xpc2hfTmV3c19fUmVnaW9uc19fQ291bnRyaWVzX19DYW5hZGEifX0"
"^english-news-regions-countries-india$","eyIvTmljZXJBcHBXZWJPUy9hcHBzL05pY2VyQXBwV2ViT1MvYXBwbGljYXRpb25zLzJEL25ld3MiOnsic2VjdGlvbiI6IkVuZ2xpc2hfTmV3c19fUmVnaW9uc19fQ291bnRyaWVzX19JbmRpYSJ9fQ"
"^english-news-regions-countries-japan$","eyIvTmljZXJBcHBXZWJPUy9hcHBzL05pY2VyQXBwV2ViT1MvYXBwbGljYXRpb25zLzJEL25ld3MiOnsic2VjdGlvbiI6IkVuZ2xpc2hfTmV3c19fUmVnaW9uc19fQ291bnRyaWVzX19KYXBhbiJ9fQ"
"^english-news-regions-countries-indonesia$","eyIvTmljZXJBcHBXZWJPUy9hcHBzL05pY2VyQXBwV2ViT1MvYXBwbGljYXRpb25zLzJEL25ld3MiOnsic2VjdGlvbiI6IkVuZ2xpc2hfTmV3c19fUmVnaW9uc19fQ291bnRyaWVzX19JbmRvbmVzaWEifX0"
"^english-news-regions-countries-australia$","eyIvTmljZXJBcHBXZWJPUy9hcHBzL05pY2VyQXBwV2ViT1MvYXBwbGljYXRpb25zLzJEL25ld3MiOnsic2VjdGlvbiI6IkVuZ2xpc2hfTmV3c19fUmVnaW9uc19fQ291bnRyaWVzX19BdXN0cmFsaWEifX0"
"^english-news-regions-countries-new-zealand$","eyIvTmljZXJBcHBXZWJPUy9hcHBzL05pY2VyQXBwV2ViT1MvYXBwbGljYXRpb25zLzJEL25ld3MiOnsic2VjdGlvbiI6IkVuZ2xpc2hfTmV3c19fUmVnaW9uc19fQ291bnRyaWVzX19OZXdfWmVhbGFuZCJ9fQ"
"^english-news-regions-countries-south-korea$","eyIvTmljZXJBcHBXZWJPUy9hcHBzL05pY2VyQXBwV2ViT1MvYXBwbGljYXRpb25zLzJEL25ld3MiOnsic2VjdGlvbiI6IkVuZ2xpc2hfTmV3c19fUmVnaW9uc19fQ291bnRyaWVzX19Tb3V0aC1Lb3JlYSJ9fQ"
"^english-news-regions-countries-north-korea$","eyIvTmljZXJBcHBXZWJPUy9hcHBzL05pY2VyQXBwV2ViT1MvYXBwbGljYXRpb25zLzJEL25ld3MiOnsic2VjdGlvbiI6IkVuZ2xpc2hfTmV3c19fUmVnaW9uc19fQ291bnRyaWVzX19Ob3J0aC1Lb3JlYSJ9fQ"
"^english-news-regions-countries-russia$","eyIvTmljZXJBcHBXZWJPUy9hcHBzL05pY2VyQXBwV2ViT1MvYXBwbGljYXRpb25zLzJEL25ld3MiOnsic2VjdGlvbiI6IkVuZ2xpc2hfTmV3c19fUmVnaW9uc19fQ291bnRyaWVzX19SdXNzaWEifX0"
"^english-news-regions-countries-united-kingdom$","eyIvTmljZXJBcHBXZWJPUy9hcHBzL05pY2VyQXBwV2ViT1MvYXBwbGljYXRpb25zLzJEL25ld3MiOnsic2VjdGlvbiI6IkVuZ2xpc2hfTmV3c19fUmVnaW9uc19fQ291bnRyaWVzX19Vbml0ZWRfS2luZ2RvbSJ9fQ"
"^english-news-regions-countries-ireland$","eyIvTmljZXJBcHBXZWJPUy9hcHBzL05pY2VyQXBwV2ViT1MvYXBwbGljYXRpb25zLzJEL25ld3MiOnsic2VjdGlvbiI6IkVuZ2xpc2hfTmV3c19fUmVnaW9uc19fQ291bnRyaWVzX19JcmVsYW5kIn19"
"^english-news-regions-countries-united-arab-emirates$","eyIvTmljZXJBcHBXZWJPUy9hcHBzL05pY2VyQXBwV2ViT1MvYXBwbGljYXRpb25zLzJEL25ld3MiOnsic2VjdGlvbiI6IkVuZ2xpc2hfTmV3c19fUmVnaW9uc19fQ291bnRyaWVzX19Vbml0ZWRfQXJhYl9FbWlyYXRlcyJ9fQ"
"^english-news-regions-americas$","eyIvTmljZXJBcHBXZWJPUy9hcHBzL05pY2VyQXBwV2ViT1MvYXBwbGljYXRpb25zLzJEL25ld3MiOnsic2VjdGlvbiI6IkVuZ2xpc2hfTmV3c19fUmVnaW9uc19fQW1lcmljYXMifX0"
"^english-news-regions-africa$","eyIvTmljZXJBcHBXZWJPUy9hcHBzL05pY2VyQXBwV2ViT1MvYXBwbGljYXRpb25zLzJEL25ld3MiOnsic2VjdGlvbiI6IkVuZ2xpc2hfTmV3c19fUmVnaW9uc19fQWZyaWNhIn19"
"^english-news-regions-europe$","eyIvTmljZXJBcHBXZWJPUy9hcHBzL05pY2VyQXBwV2ViT1MvYXBwbGljYXRpb25zLzJEL25ld3MiOnsic2VjdGlvbiI6IkVuZ2xpc2hfTmV3c19fUmVnaW9uc19fRXVyb3BlIn19"
"^english-news-regions-middle-east$","eyIvTmljZXJBcHBXZWJPUy9hcHBzL05pY2VyQXBwV2ViT1MvYXBwbGljYXRpb25zLzJEL25ld3MiOnsic2VjdGlvbiI6IkVuZ2xpc2hfTmV3c19fUmVnaW9uc19fTWlkZGxlX0Vhc3QifX0"
"^english-news-regions-asia$","eyIvTmljZXJBcHBXZWJPUy9hcHBzL05pY2VyQXBwV2ViT1MvYXBwbGljYXRpb25zLzJEL25ld3MiOnsic2VjdGlvbiI6IkVuZ2xpc2hfTmV3c19fUmVnaW9uc19fQXNpYSJ9fQ"
"^english-news-topics$","eyIvTmljZXJBcHBXZWJPUy9hcHBzL05pY2VyQXBwV2ViT1MvYXBwbGljYXRpb25zLzJEL25ld3MiOnsic2VjdGlvbiI6IkVuZ2xpc2hfTmV3c19fVG9waWNzIn19"
"^english-news-topics-art$","eyIvTmljZXJBcHBXZWJPUy9hcHBzL05pY2VyQXBwV2ViT1MvYXBwbGljYXRpb25zLzJEL25ld3MiOnsic2VjdGlvbiI6IkVuZ2xpc2hfTmV3c19fVG9waWNzX19BcnQifX0"
"^english-news-topics-business$","eyIvTmljZXJBcHBXZWJPUy9hcHBzL05pY2VyQXBwV2ViT1MvYXBwbGljYXRpb25zLzJEL25ld3MiOnsic2VjdGlvbiI6IkVuZ2xpc2hfTmV3c19fVG9waWNzX19CdXNpbmVzcyJ9fQ"
"^english-news-topics-business-spglobal.com$","eyIvTmljZXJBcHBXZWJPUy9hcHBzL05pY2VyQXBwV2ViT1MvYXBwbGljYXRpb25zLzJEL25ld3MiOnsic2VjdGlvbiI6IkVuZ2xpc2hfTmV3c19fVG9waWNzX19CdXNpbmVzc19fc3BHbG9iYWwuY29tIn19"
"^english-news-topics-business-marketwatch.com$","eyIvTmljZXJBcHBXZWJPUy9hcHBzL05pY2VyQXBwV2ViT1MvYXBwbGljYXRpb25zLzJEL25ld3MiOnsic2VjdGlvbiI6IkVuZ2xpc2hfTmV3c19fVG9waWNzX19CdXNpbmVzc19fTWFya2V0V2F0Y2guY29tIn19"
"^english-news-topics-careers$","eyIvTmljZXJBcHBXZWJPUy9hcHBzL05pY2VyQXBwV2ViT1MvYXBwbGljYXRpb25zLzJEL25ld3MiOnsic2VjdGlvbiI6IkVuZ2xpc2hfTmV3c19fVG9waWNzX19DYXJlZXJzIn19"
"^english-news-topics-cybersecurity$","eyIvTmljZXJBcHBXZWJPUy9hcHBzL05pY2VyQXBwV2ViT1MvYXBwbGljYXRpb25zLzJEL25ld3MiOnsic2VjdGlvbiI6IkVuZ2xpc2hfTmV3c19fVG9waWNzX19DeWJlcnNlY3VyaXR5In19"
"^english-news-topics-entertainment$","eyIvTmljZXJBcHBXZWJPUy9hcHBzL05pY2VyQXBwV2ViT1MvYXBwbGljYXRpb25zLzJEL25ld3MiOnsic2VjdGlvbiI6IkVuZ2xpc2hfTmV3c19fVG9waWNzX19FbnRlcnRhaW5tZW50In19"
"^english-news-topics-education$","eyIvTmljZXJBcHBXZWJPUy9hcHBzL05pY2VyQXBwV2ViT1MvYXBwbGljYXRpb25zLzJEL25ld3MiOnsic2VjdGlvbiI6IkVuZ2xpc2hfTmV3c19fVG9waWNzX19FZHVjYXRpb24ifX0"
"^english-news-topics-health$","eyIvTmljZXJBcHBXZWJPUy9hcHBzL05pY2VyQXBwV2ViT1MvYXBwbGljYXRpb25zLzJEL25ld3MiOnsic2VjdGlvbiI6IkVuZ2xpc2hfTmV3c19fVG9waWNzX19IZWFsdGgifX0"
"^english-news-topics-lifestyle$","eyIvTmljZXJBcHBXZWJPUy9hcHBzL05pY2VyQXBwV2ViT1MvYXBwbGljYXRpb25zLzJEL25ld3MiOnsic2VjdGlvbiI6IkVuZ2xpc2hfTmV3c19fVG9waWNzX19MaWZlc3R5bGUifX0"
"^english-news-topics-new-age$","eyIvTmljZXJBcHBXZWJPUy9hcHBzL05pY2VyQXBwV2ViT1MvYXBwbGljYXRpb25zLzJEL25ld3MiOnsic2VjdGlvbiI6IkVuZ2xpc2hfTmV3c19fVG9waWNzX19OZXdfQWdlIn19"
"^english-news-topics-military$","eyIvTmljZXJBcHBXZWJPUy9hcHBzL05pY2VyQXBwV2ViT1MvYXBwbGljYXRpb25zLzJEL25ld3MiOnsic2VjdGlvbiI6IkVuZ2xpc2hfTmV3c19fVG9waWNzX19NaWxpdGFyeSJ9fQ"
"^english-news-topics-real-estate-business$","eyIvTmljZXJBcHBXZWJPUy9hcHBzL05pY2VyQXBwV2ViT1MvYXBwbGljYXRpb25zLzJEL25ld3MiOnsic2VjdGlvbiI6IkVuZ2xpc2hfTmV3c19fVG9waWNzX19SZWFsX0VzdGF0ZV9CdXNpbmVzcyJ9fQ"
"^english-news-topics-small-business$","eyIvTmljZXJBcHBXZWJPUy9hcHBzL05pY2VyQXBwV2ViT1MvYXBwbGljYXRpb25zLzJEL25ld3MiOnsic2VjdGlvbiI6IkVuZ2xpc2hfTmV3c19fVG9waWNzX19TbWFsbF9CdXNpbmVzcyJ9fQ"
"^english-news-topics-sports$","eyIvTmljZXJBcHBXZWJPUy9hcHBzL05pY2VyQXBwV2ViT1MvYXBwbGljYXRpb25zLzJEL25ld3MiOnsic2VjdGlvbiI6IkVuZ2xpc2hfTmV3c19fVG9waWNzX19TcG9ydHMifX0"
"^english-news-topics-sports-usa$","eyIvTmljZXJBcHBXZWJPUy9hcHBzL05pY2VyQXBwV2ViT1MvYXBwbGljYXRpb25zLzJEL25ld3MiOnsic2VjdGlvbiI6IkVuZ2xpc2hfTmV3c19fVG9waWNzX19TcG9ydHNfX1VTQSJ9fQ"
"^english-news-topics-stock-trading$","eyIvTmljZXJBcHBXZWJPUy9hcHBzL05pY2VyQXBwV2ViT1MvYXBwbGljYXRpb25zLzJEL25ld3MiOnsic2VjdGlvbiI6IkVuZ2xpc2hfTmV3c19fVG9waWNzX19TdG9ja19UcmFkaW5nIn19"
"^english-news-topics-travel$","eyIvTmljZXJBcHBXZWJPUy9hcHBzL05pY2VyQXBwV2ViT1MvYXBwbGljYXRpb25zLzJEL25ld3MiOnsic2VjdGlvbiI6IkVuZ2xpc2hfTmV3c19fVG9waWNzX19UcmF2ZWwifX0"
"^english-news-topics-technology$","eyIvTmljZXJBcHBXZWJPUy9hcHBzL05pY2VyQXBwV2ViT1MvYXBwbGljYXRpb25zLzJEL25ld3MiOnsic2VjdGlvbiI6IkVuZ2xpc2hfTmV3c19fVG9waWNzX19UZWNobm9sb2d5In19"
"^english-news-topics-science$","eyIvTmljZXJBcHBXZWJPUy9hcHBzL05pY2VyQXBwV2ViT1MvYXBwbGljYXRpb25zLzJEL25ld3MiOnsic2VjdGlvbiI6IkVuZ2xpc2hfTmV3c19fVG9waWNzX19TY2llbmNlIn19"
"^arabic$","eyIvTmljZXJBcHBXZWJPUy9hcHBzL05pY2VyQXBwV2ViT1MvYXBwbGljYXRpb25zLzJEL25ld3MiOnsic2VjdGlvbiI6IkFyYWJpYyJ9fQ"
"^arabic-business$","eyIvTmljZXJBcHBXZWJPUy9hcHBzL05pY2VyQXBwV2ViT1MvYXBwbGljYXRpb25zLzJEL25ld3MiOnsic2VjdGlvbiI6IkFyYWJpY19fQnVzaW5lc3MifX0"
"^arabic-middle-east$","eyIvTmljZXJBcHBXZWJPUy9hcHBzL05pY2VyQXBwV2ViT1MvYXBwbGljYXRpb25zLzJEL25ld3MiOnsic2VjdGlvbiI6IkFyYWJpY19fTWlkZGxlX0Vhc3QifX0"
